seed,model,pr_auc,roc_auc,precision,recall,cost
11,Logistic Regression,0.7435806329223957,0.9913621682160344,0.3395061728395062,0.7971014492753623,2013.46
11,Random Forest,0.9066616723413935,0.9983285534334502,0.7530864197530864,0.8840579710144928,570.81
11,XGBoost (no handling),0.9366352801028713,0.9984451659846046,0.6285714285714286,0.9565217391304348,410.6
11,XGBoost + class weights,0.9306912587528092,0.9964858321823917,0.84,0.9130434782608695,463.36
11,XGBoost + SMOTE,0.9418354920346792,0.9983528477149406,0.7441860465116279,0.927536231884058,512.5
11,XGBoost + focal loss,0.9421400832180012,0.9974405974449705,0.6442307692307693,0.9710144927536232,397.68
22,Logistic Regression,0.7283489910310456,0.9900271889299056,0.2647058823529412,0.8526315789473684,1597.43
22,Random Forest,0.8756917172282735,0.997372178872212,0.5733333333333334,0.9052631578947369,748.8900000000001
22,XGBoost (no handling),0.9060420160284177,0.9961148566502354,0.6170212765957447,0.9157894736842105,692.65
22,XGBoost + class weights,0.9062581608655962,0.9954543645969186,0.3697478991596639,0.9263157894736842,1169.68
22,XGBoost + SMOTE,0.9082921347599313,0.9968646521806405,0.3588709677419355,0.9368421052631579,1099.33
22,XGBoost + focal loss,0.9085399085456884,0.9959185658392095,0.4808743169398907,0.9263157894736842,894.6800000000001
33,Logistic Regression,0.7030911449618857,0.9850971518407716,0.5523809523809524,0.6590909090909091,2089.42
33,Random Forest,0.9089216482522593,0.9975960070822394,0.9078947368421053,0.7840909090909091,614.63
33,XGBoost (no handling),0.9127126221486992,0.9962089413273093,0.9487179487179487,0.8409090909090909,477.38
33,XGBoost + class weights,0.9069954589131146,0.9955535670675866,0.948051948051948,0.8295454545454546,533.67
33,XGBoost + SMOTE,0.9156148493787477,0.9965590466450944,0.9259259259259259,0.8522727272727273,484.12
33,XGBoost + focal loss,0.9202319041653593,0.9974147536479638,0.9259259259259259,0.8522727272727273,479.32
44,Logistic Regression,0.8045210876420272,0.9941285714285714,0.3972602739726027,0.87,1173.04
44,Random Forest,0.9679053104990873,0.9994495798319327,0.9108910891089109,0.92,451.05999999999995
44,XGBoost (no handling),0.9817369715361285,0.999572268907563,0.8151260504201681,0.97,132.52
44,XGBoost + class weights,0.9785719362484326,0.9991932773109244,0.8016528925619835,0.97,142.52
44,XGBoost + SMOTE,0.9818134444568755,0.9992773109243698,0.7404580152671756,0.97,192.52
44,XGBoost + focal loss,0.9803869438391645,0.9995747899159665,0.9150943396226415,0.97,67.52
55,Logistic Regression,0.6870816356699099,0.9926473357068846,0.19934640522875818,0.8840579710144928,2043.56
55,Random Forest,0.8956456239320628,0.9977904350984345,0.3795180722891566,0.9130434782608695,1674.4499999999998
55,XGBoost (no handling),0.9137538769919408,0.9964542496164541,0.6813186813186813,0.8985507246376812,1306.9999999999998
55,XGBoost + class weights,0.9101548137196332,0.9963595019186409,0.6703296703296703,0.8840579710144928,1579.98
55,XGBoost + SMOTE,0.9086811039809923,0.9970446006566744,0.6931818181818182,0.8840579710144928,1855.1999999999998
55,XGBoost + focal loss,0.914616750305696,0.9962914779304674,0.3442622950819672,0.9130434782608695,1759.4499999999998
