model,family,pr_auc,roc_auc,val_pr_auc,threshold,precision,recall,f1,tp,fp,fn,flagged,cost
Logistic Regression (baseline),baseline,0.7523292482691849,0.9928635023433338,0.6507428941838926,0.04,0.3617021276595745,0.8252427184466019,0.5029585798816568,85,150,18,235,2362.6099999999997
Random Forest,baseline,0.9249245041858897,0.9973184069411314,0.9348507619220775,0.07,0.6785714285714286,0.9223300970873787,0.7818930041152263,95,45,8,140,1123.88
XGBoost (no imbalance handling),imbalance,0.924867040756758,0.99583071852168,0.9544677923258968,0.115,0.7692307692307693,0.8737864077669902,0.8181818181818181,90,27,13,117,1532.6799999999998
XGBoost + class weights,imbalance,0.9247669560720192,0.9921486284785836,0.9478598484562489,0.035,0.6089743589743589,0.9223300970873787,0.7335907335907336,95,61,8,156,977.92
XGBoost + SMOTE,imbalance,0.9276767822956964,0.9958878431455757,0.9421872807337053,0.075,0.7627118644067796,0.8737864077669902,0.8144796380090498,90,28,13,118,1947.08
XGBoost + focal loss,imbalance,0.9275328390636612,0.996263233531175,0.9579002555295916,0.09,0.744,0.9029126213592233,0.8157894736842106,93,32,10,125,1396.37
Isolation Forest (unsupervised),unsupervised,0.42715186525899457,0.9407111689248575,0.40343873610275277,0.055,0.19325153374233128,0.6116504854368932,0.2937062937062937,63,263,40,326,2250.15
Autoencoder (unsupervised),unsupervised,0.19409977499939657,0.8655310835480268,0.14645289726720886,0.045,0.13274336283185842,0.4368932038834951,0.20361990950226244,45,294,58,339,6942.1
Ablation: same model without graph features,ablation,0.7897054048743936,0.9928757433341685,0.836672216886549,0.065,0.4772727272727273,0.8155339805825242,0.6021505376344086,84,92,19,176,1729.96
