component,n_cards,n_nodes,fraud_txns,fraud_cards,fraud_card_share
3,6,47,19,6,1.0
194,6,72,17,6,1.0
261,5,54,11,5,1.0
8,27,295,40,25,0.9259259259259259
49,27,261,57,25,0.9259259259259259
10,19,199,28,17,0.8947368421052632
1,7,64,6,6,0.8571428571428571
149,7,96,37,6,0.8571428571428571
75,12,130,12,10,0.8333333333333334
50,6,67,5,5,0.8333333333333334
23,16,173,17,13,0.8125
56,25,256,30,20,0.8
4,5,85,5,4,0.8
307,6,91,4,4,0.6666666666666666
494,3,23,7,1,0.3333333333333333
795,3,14,1,1,0.3333333333333333
107,7,80,2,2,0.2857142857142857
213,4,31,5,1,0.25
258,4,36,1,1,0.25
326,5,61,0,0,0.0
125,4,75,0,0,0.0
158,4,55,0,0,0.0
9,3,80,0,0,0.0
48,3,40,0,0,0.0
54,3,35,0,0,0.0
83,3,32,0,0,0.0
112,3,43,0,0,0.0
114,3,49,0,0,0.0
169,3,58,0,0,0.0
232,3,20,0,0,0.0
243,3,25,0,0,0.0
295,3,31,0,0,0.0
329,3,38,0,0,0.0
337,3,39,0,0,0.0
350,3,26,0,0,0.0
650,3,23,0,0,0.0
